<?xml version="1.0" encoding="UTF-8"?>
<project-private xmlns="http://www.netbeans.org/ns/project-private/1">
    <editor-bookmarks xmlns="http://www.netbeans.org/ns/editor-bookmarks/2" lastBookmarkId="0"/>
    <open-files xmlns="http://www.netbeans.org/ns/projectui-open-files/2">
        <group>
            <file>file:/C:/Users/afs30/Desktop/SareWS/src/java/modelo/pojos/Catalogo.java</file>
            <file>file:/C:/Users/afs30/Desktop/SareWS/src/java/modelo/pojos/Personal.java</file>
            <file>file:/C:/Users/afs30/Desktop/SareWS/src/java/servicios/SesionWS.java</file>
            <file>file:/C:/Users/afs30/Desktop/SareWS/src/java/servicios/ContactoEmergenciaWS.java</file>
            <file>file:/C:/Users/afs30/Desktop/SareWS/src/java/modelo/pojos/Categoria.java</file>
            <file>file:/C:/Users/afs30/Desktop/SareWS/src/java/modelo/pojos/Respuesta.java</file>
            <file>file:/C:/Users/afs30/Desktop/SareWS/src/java/servicios/ApplicationConfig.java</file>
            <file>file:/C:/Users/afs30/Desktop/SareWS/src/java/servicios/UsuarioWS.java</file>
            <file>file:/C:/Users/afs30/Desktop/SareWS/src/java/servicios/PersonalWS.java</file>
            <file>file:/C:/Users/afs30/Desktop/SareWS/src/java/servicios/CategoriaWS.java</file>
            <file>file:/C:/Users/afs30/Desktop/SareWS/src/java/modelo/pojos/ContactoEmergencia.java</file>
            <file>file:/C:/Users/afs30/Desktop/SareWS/src/java/servicios/CatalogoWS.java</file>
            <file>file:/C:/Users/afs30/Desktop/SareWS/src/java/modelo/mybatis/mybatis-config.xml</file>
            <file>file:/C:/Users/afs30/Desktop/SareWS/src/java/modelo/pojos/Usuario.java</file>
            <file>file:/C:/Users/afs30/Desktop/SareWS/src/java/utils/JavaUtils.java</file>
            <file>file:/C:/Users/afs30/Desktop/SareWS/src/java/modelo/mybatis/MyBatisUtil.java</file>
        </group>
    </open-files>
</project-private>
