<?xml version="1.0" encoding="UTF-8"?>
<!DOCTYPE mapper
PUBLIC "-//mybatis.org//DTD Mapper 3.0//EN"
"http://mybatis.org/dtd/mybatis-3-mapper.dtd">

<mapper namespace="Catalogo">
    <select id="getCatalogosByCategoria" resultType="modelo.pojos.Catalogo" parameterType="int" statementType="CALLABLE">
        {CALL sare.sp_getCatalogoByIdCategoria(#{id, jdbcType=INTEGER,mode=IN})}
    </select>
    
    <insert id="registrarCatalogo" parameterType="map" statementType="CALLABLE">
        {CALL sare.sp_registrarCatalogo(
            #{idCatalogo, jdbcType=INTEGER,mode=IN},
            #{idCategoria, jdbcType=INTEGER,mode=IN},
            #{nombre, jdbcType=VARCHAR,mode=IN},
            #{activo, jdbcType=VARCHAR,mode=IN},
            #{orden, jdbcType=INTEGER,mode=IN})}
    </insert>
    
    <update id="actualizarCatalogo" parameterType="map" statementType="CALLABLE">
        {CALL sare.sp_actualizarCatalogo(
            #{idCatalogo, jdbcType=INTEGER,mode=IN},
            #{idCategoria, jdbcType=INTEGER,mode=IN},
            #{nombre, jdbcType=VARCHAR,mode=IN},
            #{activo, jdbcType=VARCHAR,mode=IN},
            #{orden, jdbcType=INTEGER,mode=IN})}
    </update>
    
    <update id="actualizarEstatusCatalogo" parameterType="map" statementType="CALLABLE">
        {CALL sare.sp_actualizarEstatusCatalogo(
            #{idCatalogo, jdbcType=INTEGER,mode=IN},
            #{activo, jdbcType=VARCHAR,mode=IN})}
    </update>
</mapper>