<?xml version="1.0" encoding="UTF-8"?>
<!DOCTYPE mapper
PUBLIC "-//mybatis.org//DTD Mapper 3.0//EN"
"http://mybatis.org/dtd/mybatis-3-mapper.dtd">

<mapper namespace="Categoria">
    <insert id="registrarCategoria" parameterType="map" statementType="CALLABLE">
        {CALL sare.sp_registrarCategoria(
            #{idCatalogo, jdbcType=INTEGER,mode=IN},
            #{nombre, jdbcType=VARCHAR,mode=IN},
            #{activo, jdbcType=VARCHAR,mode=IN},
            #{orden, jdbcType=INTEGER,mode=IN})}
    </insert>
    
    <update id="actualizarCategoria" parameterType="map" statementType="CALLABLE">
        {CALL sare.sp_actualizarCategoria(
            #{idCatalogo, jdbcType=INTEGER,mode=IN},
            #{nombre, jdbcType=VARCHAR,mode=IN},
            #{activo, jdbcType=VARCHAR,mode=IN},
            #{orden, jdbcType=INTEGER,mode=IN})}
    </update>
    
    <update id="actualizarEstatusCategoria" parameterType="map" statementType="CALLABLE">
        {CALL sare.sp_actualizarEstatusCategoria(
            #{idCatalogo, jdbcType=INTEGER,mode=IN},
            #{activo, jdbcType=VARCHAR,mode=IN})}
    </update>
    
    <select id="getAllCategorias" parameterType="map" resultType="modelo.pojos.Categoria" statementType="CALLABLE">
        {CALL sare.sp_getAllCategorias()}
    </select>
</mapper>